Date,dAg,dAu
20/10/2009,-1.43,1.03
21/10/2009,0.96,-0.87
22/10/2009,0.75,-0.27
23/10/2009,-0.48,0.91
26/10/2009,-1.77,-0.85
27/10/2009,-2.07,-1.29
28/10/2009,0.00,-0.68
29/10/2009,1.21,0.92
30/10/2009,0.25,-0.22
02/11/2009,-1.18,1.45
03/11/2009,2.63,-0.31
04/11/2009,-0.76,1.65
05/11/2009,0.91,-0.30
06/11/2009,0.94,0.84
09/11/2009,-1.54,0.95
10/11/2009,1.46,-0.69
11/11/2009,-0.83,1.12
12/11/2009,-1.03,-0.21
13/11/2009,1.55,-0.98
16/11/2009,1.42,1.53
17/11/2009,1.88,0.65
18/11/2009,-1.70,1.12
19/11/2009,-0.33,-1.08
20/11/2009,1.79,0.63
23/11/2009,-1.01,1.61
24/11/2009,0.57,-0.73
25/11/2009,-0.87,1.19
26/11/2009,-2.01,0.50
27/11/2009,1.50,-1.17
30/11/2009,1.79,0.89
01/12/2009,1.57,1.19
02/12/2009,-0.60,1.30
03/12/2009,-1.21,-0.56
04/12/2009,-2.05,-1.24
07/12/2009,0.62,-2.00
08/12/2009,-1.37,0.61
09/12/2009,-1.46,-0.71
10/12/2009,0.83,-1.05
11/12/2009,-1.35,-0.63
14/12/2009,-0.24,-0.15
15/12/2009,1.56,-0.39
16/12/2009,-1.07,1.18
17/12/2009,-0.72,-1.34
18/12/2009,-0.48,-1.06
21/12/2009,-1.36,0.30
22/12/2009,-0.42,-1.39
23/12/2009,1.54,0.34
24/12/2009,0.76,1.38
29/12/2009,-1.69,-1.29
30/12/2009,0.64,1.77
31/12/2009,1.03,0.40
04/01/2010,1.53,0.78
05/01/2010,1.35,0.15
06/01/2010,1.06,-0.56
07/01/2010,0.41,1.53
08/01/2010,1.99,-0.39
11/01/2010,-1.51,-1.44
12/01/2010,-0.57,0.99
13/01/2010,1.12,-0.95
14/01/2010,-0.57,0.76
15/01/2010,0.87,-0.36
18/01/2010,-0.93,-1.06
19/01/2010,-0.33,-1.03
20/01/2010,-2.08,-1.48
21/01/2010,-1.50,1.02
22/01/2010,-0.83,-0.43
25/01/2010,-1.47,0.37
26/01/2010,-0.55,-0.79
27/01/2010,-0.85,-0.93
28/01/2010,-1.41,0.86
29/01/2010,-0.61,1.50
01/02/2010,1.84,0.62
02/02/2010,0.24,-1.69
03/02/2010,-1.98,-1.53
04/02/2010,-2.44,0.75
05/02/2010,-0.44,0.83
08/02/2010,0.63,-0.40
09/02/2010,1.62,0.79
10/02/2010,-1.21,0.73
11/02/2010,-0.51,1.23
12/02/2010,1.25,1.24
15/02/2010,1.27,0.58
16/02/2010,1.57,-0.30
17/02/2010,-1.53,-0.69
18/02/2010,0.87,0.47
19/02/2010,1.75,-0.86
22/02/2010,-1.44,-0.60
23/02/2010,-1.45,-0.88
24/02/2010,1.01,1.12
25/02/2010,1.12,0.72
26/02/2010,1.54,1.06
01/03/2010,0.65,0.94
02/03/2010,1.90,-0.42
03/03/2010,1.00,0.21
04/03/2010,-0.72,-0.90
05/03/2010,0.68,-0.94
08/03/2010,-1.27,0.65
09/03/2010,1.57,-1.21
10/03/2010,-1.79,0.45
11/03/2010,1.54,-0.43
12/03/2010,-1.29,1.36
15/03/2010,1.14,-0.52
16/03/2010,1.32,0.30
17/03/2010,-0.53,-1.24
18/03/2010,-1.01,-0.86
19/03/2010,-1.75,0.62
22/03/2010,0.00,-0.99
23/03/2010,-0.77,0.45
24/03/2010,0.81,0.57
25/03/2010,0.60,1.00
26/03/2010,1.33,-0.21
29/03/2010,1.23,0.88
30/03/2010,0.72,0.85
31/03/2010,1.04,0.91
01/04/2010,1.14,0.90
06/04/2010,0.53,0.72
07/04/2010,0.24,0.63
08/04/2010,1.41,0.74
09/04/2010,0.90,-0.95
12/04/2010,-1.34,0.69
13/04/2010,1.13,0.25
14/04/2010,-0.81,-0.51
15/04/2010,0.66,-1.15
16/04/2010,-2.15,0.86
19/04/2010,1.69,-0.39
20/04/2010,-1.00,-0.90
21/04/2010,0.95,0.71
22/04/2010,-0.71,1.15
23/04/2010,1.60,-0.66
26/04/2010,-1.02,1.00
27/04/2010,-1.05,0.70
28/04/2010,1.03,1.04
29/04/2010,1.61,0.70
30/04/2010,0.70,-1.30
04/05/2010,-2.40,1.32
05/05/2010,0.58,1.20
06/05/2010,0.24,-0.69
07/05/2010,2.07,1.47
10/05/2010,-0.47,1.11
11/05/2010,2.52,0.00
12/05/2010,-0.90,-0.28
13/05/2010,1.04,-0.20
14/05/2010,-1.64,-1.25
17/05/2010,-1.23,-1.34
18/05/2010,-1.24,-0.50
19/05/2010,-1.80,-1.01
20/05/2010,-1.08,0.78
21/05/2010,0.58,0.97
24/05/2010,-0.92,1.07
25/05/2010,1.91,-0.29
26/05/2010,0.70,-0.54
27/05/2010,0.96,1.29
28/05/2010,-1.11,-1.02
01/06/2010,0.84,0.00
02/06/2010,-0.93,-0.97
03/06/2010,-1.67,0.98
04/06/2010,-1.50,1.60
07/06/2010,2.38,-1.00
08/06/2010,-0.62,-1.14
09/06/2010,-1.26,0.45
10/06/2010,1.35,0.55
11/06/2010,0.81,0.32
14/06/2010,-0.23,0.88
15/06/2010,0.70,0.92
16/06/2010,-0.23,0.94
17/06/2010,1.21,-0.35
18/06/2010,1.79,-1.21
21/06/2010,-1.96,-0.88
22/06/2010,1.24,0.89
23/06/2010,-1.67,1.20
24/06/2010,1.21,0.75
25/06/2010,1.57,-1.45
28/06/2010,-1.68,0.88
29/06/2010,0.96,-0.90
30/06/2010,-0.69,-1.62
01/07/2010,-1.90,0.74
02/07/2010,-0.85,-1.04
05/07/2010,0.00,-0.38
06/07/2010,-1.06,0.14
07/07/2010,1.41,1.13
08/07/2010,-0.85,-0.52
09/07/2010,1.03,0.93
12/07/2010,-0.58,-0.86
13/07/2010,1.27,0.29
14/07/2010,0.84,-1.25
15/07/2010,-0.96,-0.83
16/07/2010,-1.60,0.41
19/07/2010,-1.14,0.85
20/07/2010,1.37,-0.29
21/07/2010,1.27,-0.77
23/07/2010,-0.94,-1.14
26/07/2010,0.91,-0.97
27/07/2010,-1.71,0.69
28/07/2010,-0.41,0.75
29/07/2010,0.58,1.29
30/07/2010,1.60,-0.29
02/08/2010,1.31,1.01
03/08/2010,0.66,-0.76
04/08/2010,-0.90,1.13
05/08/2010,-0.52,-0.63
06/08/2010,0.99,-0.93
09/08/2010,-1.45,1.04
10/08/2010,0.41,0.79
11/08/2010,-1.05,0.32
12/08/2010,0.88,0.87
13/08/2010,0.88,0.45
16/08/2010,1.37,-0.81
17/08/2010,-0.99,1.13
18/08/2010,0.70,-0.90
19/08/2010,-1.30,0.45
20/08/2010,-1.05,-0.57
23/08/2010,-0.58,1.13
24/08/2010,2.05,-0.20
25/08/2010,1.61,-0.40
26/08/2010,-0.65,0.94
27/08/2010,-0.92,0.20
31/08/2010,1.78,0.40
01/09/2010,-0.32,-0.80
02/09/2010,1.04,0.83
03/09/2010,1.01,0.79
06/09/2010,-1.03,-0.37
07/09/2010,1.37,0.00
08/09/2010,-0.50,-0.82
09/09/2010,-0.59,0.00
10/09/2010,0.00,1.23
13/09/2010,1.44,0.34
14/09/2010,0.80,0.66
15/09/2010,1.25,0.34
16/09/2010,0.66,0.64
17/09/2010,0.54,-0.58
20/09/2010,-0.85,1.20
21/09/2010,1.24,-0.46
22/09/2010,0.00,0.70
23/09/2010,1.13,0.00
24/09/2010,0.94,-0.48
27/09/2010,-1.32,1.02
28/09/2010,1.83,-0.20
29/09/2010,0.96,0.84
30/09/2010,-0.74,-0.46
01/10/2010,0.60,1.14
04/10/2010,0.98,1.10
05/10/2010,1.75,-0.33
06/10/2010,1.42,-0.51
07/10/2010,-2.08,0.86
08/10/2010,2.05,-0.47
11/10/2010,-1.10,1.12
12/10/2010,1.47,0.75
13/10/2010,2.02,-0.65
14/10/2010,-0.53,-0.14
15/10/2010,-1.28,-1.44
18/10/2010,1.00,0.00
19/10/2010,-1.51,0.58
20/10/2010,0.90,-1.25
21/10/2010,-1.89,1.06
22/10/2010,1.69,-0.77
25/10/2010,-0.98,-0.61
26/10/2010,1.11,0.82
27/10/2010,-0.41,1.00
28/10/2010,0.98,0.76
29/10/2010,1.99,-0.51
01/11/2010,-0.85,-0.64
02/11/2010,1.04,1.62
03/11/2010,1.23,1.02
04/11/2010,1.73,-0.71
05/11/2010,1.49,1.53
08/11/2010,2.62,-1.47
09/11/2010,-1.89,0.76
10/11/2010,0.89,-0.85
11/11/2010,-1.86,-1.20
12/11/2010,-1.71,-1.19
15/11/2010,-1.43,-0.92
16/11/2010,-1.05,0.98
17/11/2010,2.33,-0.76
18/11/2010,1.37,1.02
19/11/2010,1.14,1.24
22/11/2010,-0.63,-0.60
23/11/2010,0.61,0.23
24/11/2010,0.33,-1.15
25/11/2010,-1.73,0.38
26/11/2010,0.67,1.40
29/11/2010,1.21,0.38
30/11/2010,2.44,0.50
01/12/2010,-0.91,1.02
02/12/2010,0.92,0.91
03/12/2010,1.73,0.58
06/12/2010,1.74,-1.56
07/12/2010,-2.20,0.64
08/12/2010,-1.45,-1.07
09/12/2010,1.16,1.31
10/12/2010,1.37,-0.57
13/12/2010,1.37,-0.64
14/12/2010,-1.66,-1.36
15/12/2010,0.56,0.64
16/12/2010,-1.13,0.92
17/12/2010,1.22,0.47
20/12/2010,0.37,0.54
21/12/2010,0.58,-0.99
22/12/2010,-0.76,1.69
23/12/2010,2.08,-0.70
29/12/2010,0.92,-1.10
30/12/2010,-0.31,-1.22
04/01/2011,-2.18,0.19
05/01/2011,-0.67,-0.33
06/01/2011,-1.54,0.30
07/01/2011,1.19,0.65
10/01/2011,1.61,0.59
11/01/2011,0.45,0.45
12/01/2011,-1.13,-1.02
13/01/2011,-1.55,-0.69
14/01/2011,-1.08,0.81
17/01/2011,1.46,0.43
18/01/2011,1.36,-1.39
19/01/2011,-1.76,-0.39
20/01/2011,-2.11,-0.19
21/01/2011,1.24,-1.19
24/01/2011,-1.77,0.55
25/01/2011,1.22,0.70
26/01/2011,1.03,-1.08
27/01/2011,-1.61,0.78
28/01/2011,2.00,0.58
31/01/2011,1.43,0.64
01/02/2011,-0.42,-0.82
02/02/2011,0.33,1.43
03/02/2011,1.47,-0.74
04/02/2011,1.02,1.09
07/02/2011,0.85,0.33
08/02/2011,1.65,-0.93
09/02/2011,-1.18,0.89
10/02/2011,0.82,0.27
11/02/2011,0.73,0.75
14/02/2011,1.36,-0.33
15/02/2011,0.40,0.75
16/02/2011,-0.72,0.57
17/02/2011,2.08,1.19
18/02/2011,2.16,-0.38
21/02/2011,-1.27,0.77
22/02/2011,1.10,0.40
23/02/2011,-0.17,-0.80
24/02/2011,-1.49,0.78
25/02/2011,1.71,0.83
28/02/2011,1.62,1.02
01/03/2011,1.05,-0.99
02/03/2011,-0.80,0.62
03/03/2011,-0.54,0.86
04/03/2011,2.51,-0.88
07/03/2011,-0.79,0.58
08/03/2011,-0.74,-1.11
09/03/2011,-1.65,-0.35
10/03/2011,-1.76,0.87
11/03/2011,2.47,-1.24
14/03/2011,-2.52,0.33
15/03/2011,1.58,0.35
16/03/2011,-0.87,1.08
17/03/2011,1.40,0.92
18/03/2011,1.70,-0.65
21/03/2011,-0.76,0.97
22/03/2011,1.32,0.72
23/03/2011,1.81,-0.87
24/03/2011,-0.51,-1.15
25/03/2011,-1.68,0.19
28/03/2011,0.00,0.75
29/03/2011,1.58,0.97
30/03/2011,0.95,-1.21
31/03/2011,-0.80,1.11
01/04/2011,1.49,-0.37
04/04/2011,-0.99,1.40
05/04/2011,2.02,-0.37
06/04/2011,-0.55,0.83
07/04/2011,1.34,-0.32
08/04/2011,1.69,-1.09
11/04/2011,-1.50,0.69
12/04/2011,-0.74,0.75
13/04/2011,1.06,0.87
14/04/2011,2.18,1.05
15/04/2011,0.65,-0.41
18/04/2011,1.00,0.84
19/04/2011,1.91,0.45
20/04/2011,1.81,-0.66
21/04/2011,-1.30,0.95
26/04/2011,-0.63,1.27
27/04/2011,2.74,0.56
28/04/2011,-3.23,0.22
03/05/2011,-2.76,-1.40
04/05/2011,-2.47,-1.27
05/05/2011,-3.10,1.02
06/05/2011,3.33,0.88
09/05/2011,1.03,-0.60
10/05/2011,1.43,-1.11
11/05/2011,-4.13,1.04
12/05/2011,3.37,-0.58
13/05/2011,-2.26,-1.22
16/05/2011,-0.45,1.10
17/05/2011,0.95,-0.48
18/05/2011,1.83,-0.39
19/05/2011,-1.63,1.15
20/05/2011,-0.54,1.05
23/05/2011,1.82,-0.22
24/05/2011,1.92,-0.71
25/05/2011,-0.77,0.98
26/05/2011,1.42,0.48
27/05/2011,1.60,-0.42
31/05/2011,-1.35,0.61
01/06/2011,-1.39,0.18
02/06/2011,-2.34,0.76
03/06/2011,2.18,-0.51
06/06/2011,1.21,-0.69
07/06/2011,-1.78,0.00
08/06/2011,1.50,-0.86
09/06/2011,-2.03,-0.82
13/06/2011,-1.53,0.95
14/06/2011,1.29,-0.65
15/06/2011,0.91,0.97
16/06/2011,-0.67,0.65
17/06/2011,0.73,0.22
20/06/2011,1.34,0.71
21/06/2011,-0.93,-1.38
22/06/2011,0.53,-0.74
23/06/2011,-1.89,-1.05
24/06/2011,-1.44,0.26
27/06/2011,-0.38,0.59
28/06/2011,1.13,0.29
29/06/2011,1.35,-1.22
30/06/2011,-1.83,0.90
01/07/2011,0.86,1.00
04/07/2011,1.39,1.07
05/07/2011,1.34,0.13
06/07/2011,1.16,0.96
07/07/2011,1.08,0.95
08/07/2011,0.47,-0.57
11/07/2011,-2.00,1.36
12/07/2011,2.30,0.85
13/07/2011,2.69,-0.47
14/07/2011,-1.77,0.87
15/07/2011,2.38,0.35
18/07/2011,-0.16,-0.97
19/07/2011,-2.07,0.97
20/07/2011,1.76,0.25
21/07/2011,-0.53,0.85
22/07/2011,1.67,-0.22
25/07/2011,-1.04,0.87
26/07/2011,1.08,-0.84
27/07/2011,-1.23,0.96
28/07/2011,-1.18,-0.58
29/07/2011,-0.90,0.95
01/08/2011,1.03,1.39
02/08/2011,1.82,0.78
03/08/2011,1.19,-1.11
04/08/2011,-2.39,1.44
05/08/2011,1.26,1.59
08/08/2011,-1.94,1.44
09/08/2011,-0.36,-0.82
10/08/2011,1.51,-1.17
11/08/2011,-1.51,0.42
12/08/2011,1.52,1.58
15/08/2011,0.68,0.65
16/08/2011,1.29,1.38
17/08/2011,0.87,1.15
18/08/2011,2.03,1.26
19/08/2011,1.90,-0.28
22/08/2011,-1.18,-2.38
23/08/2011,-1.37,-1.52
24/08/2011,-2.71,1.85
25/08/2011,2.30,1.44
26/08/2011,-0.62,-0.79
30/08/2011,1.05,0.64
31/08/2011,0.54,1.73
01/09/2011,1.58,1.03
02/09/2011,0.70,0.00
05/09/2011,-1.42,-2.12
06/09/2011,-1.44,1.58
07/09/2011,1.68,-0.43
08/09/2011,-1.33,-0.97
09/09/2011,-1.19,-0.87
12/09/2011,-1.39,-0.29
13/09/2011,1.74,-1.42
14/09/2011,-1.47,0.82
15/09/2011,-0.96,0.00
16/09/2011,1.11,0.53
19/09/2011,-1.78,-0.58
20/09/2011,1.65,-1.99
21/09/2011,-2.44,-1.38
22/09/2011,-3.62,-2.32
23/09/2011,-3.80,1.95
26/09/2011,4.35,-0.98
27/09/2011,-2.71,-1.35
28/09/2011,-1.65,0.66
29/09/2011,0.93,1.48
30/09/2011,1.40,-1.03
03/10/2011,-1.20,-1.13
04/10/2011,-2.50,1.06
05/10/2011,3.29,1.02
06/10/2011,0.75,0.74
07/10/2011,0.88,0.35
10/10/2011,-1.63,1.07
11/10/2011,2.20,-1.24
12/10/2011,-1.67,1.15
13/10/2011,-0.68,0.49
14/10/2011,1.23,-1.74
17/10/2011,-2.01,1.15
18/10/2011,1.77,-1.40
19/10/2011,-1.92,1.18
20/10/2011,0.18,0.76
21/10/2011,1.71,0.49
24/10/2011,0.97,1.89
25/10/2011,2.02,0.42
26/10/2011,0.87,1.16
27/10/2011,2.36,-1.04
28/10/2011,-1.83,-1.16
31/10/2011,-1.93,1.61
01/11/2011,1.62,0.93
02/11/2011,1.62,-0.72
03/11/2011,-1.49,1.37
04/11/2011,1.25,0.85
07/11/2011,0.68,-0.78
08/11/2011,-0.42,-1.25
09/11/2011,-1.59,0.98
10/11/2011,0.42,0.41
11/11/2011,1.34,0.71
14/11/2011,-1.02,-1.27
15/11/2011,1.12,-0.88
16/11/2011,-1.83,-1.16
17/11/2011,-1.78,-0.99
18/11/2011,-2.05,-0.42
21/11/2011,1.75,-1.03
22/11/2011,-1.03,1.40
23/11/2011,1.25,0.42
28/11/2011,-0.35,1.30
29/11/2011,-1.38,0.59
30/11/2011,2.48,-0.53
01/12/2011,-0.63,-0.41
02/12/2011,-1.42,-1.44
05/12/2011,-1.39,1.27
06/12/2011,1.37,-1.09
07/12/2011,0.77,-0.59
08/12/2011,-1.40,-1.70
09/12/2011,-1.56,0.89
12/12/2011,0.62,-2.04
13/12/2011,-2.13,-1.35
14/12/2011,-1.93,1.13
15/12/2011,1.84,0.50
16/12/2011,-1.83,0.98
19/12/2011,1.32,-0.58
20/12/2011,1.27,-0.31
21/12/2011,-1.23,-1.49
22/12/2011,-1.49,-1.60
28/12/2011,-2.95,2.09
29/12/2011,3.16,0.97
03/01/2012,1.18,-0.93
04/01/2012,-0.94,1.05
05/01/2012,1.29,-0.30
06/01/2012,-1.37,1.17
09/01/2012,1.71,-0.39
10/01/2012,0.64,1.27
11/01/2012,1.61,-1.24
12/01/2012,-1.75,0.58
13/01/2012,0.94,0.96
16/01/2012,1.31,-0.74
17/01/2012,-0.92,0.70
18/01/2012,1.46,-0.35
19/01/2012,-1.18,1.17
20/01/2012,2.62,-0.77
23/01/2012,-1.24,-0.96
24/01/2012,-0.94,2.16
25/01/2012,2.30,-0.24
26/01/2012,0.62,0.42
27/01/2012,-0.95,0.93
30/01/2012,1.13,-0.48
31/01/2012,0.77,0.80
01/02/2012,-0.62,-0.99
02/02/2012,0.88,-0.93
03/02/2012,-1.10,0.54
06/02/2012,-0.85,1.13
07/02/2012,1.81,0.34
08/02/2012,-1.29,-1.45
09/02/2012,-0.86,0.70
10/02/2012,0.93,0.34
13/02/2012,-0.99,0.80
14/02/2012,0.73,-1.07
15/02/2012,-1.23,0.76
16/02/2012,0.95,0.76
17/02/2012,0.49,0.93
20/02/2012,0.52,0.48
21/02/2012,1.13,1.19
22/02/2012,1.17,0.17
23/02/2012,1.72,-0.56
24/02/2012,-1.16,0.71
27/02/2012,1.21,-0.79
28/02/2012,2.14,-1.78
29/02/2012,-2.68,-0.64
01/03/2012,1.37,-0.34
02/03/2012,-1.71,-1.45
05/03/2012,-1.68,0.71
06/03/2012,-0.39,0.86
07/03/2012,1.67,-0.38
08/03/2012,-0.80,0.77
09/03/2012,-0.54,-0.66
12/03/2012,-0.75,-1.65
13/03/2012,-1.48,0.48
14/03/2012,-1.21,0.78
15/03/2012,-0.53,0.46
16/03/2012,0.73,-0.53
19/03/2012,-0.82,-0.67
20/03/2012,-0.88,-0.91
21/03/2012,-0.75,1.32
22/03/2012,-0.89,0.99
23/03/2012,1.48,0.84
26/03/2012,1.56,-0.97
27/03/2012,-1.33,-1.05
28/03/2012,-1.40,0.55
29/03/2012,1.42,0.95
30/03/2012,-0.18,-0.27
02/04/2012,1.30,-1.82
03/04/2012,-1.73,0.79
04/04/2012,-1.49,0.89
05/04/2012,0.95,0.92
10/04/2012,0.69,0.80
11/04/2012,-0.85,-0.35
12/04/2012,1.69,-0.90
13/04/2012,-1.80,-1.03
16/04/2012,1.01,0.72
17/04/2012,-0.31,-0.39
18/04/2012,0.75,0.70
20/04/2012,-1.71,-0.84
24/04/2012,0.25,0.98
25/04/2012,-0.76,0.78
26/04/2012,1.20,-0.86
27/04/2012,0.44,0.88
30/04/2012,-1.16,-0.98
01/05/2012,-0.92,-0.79
02/05/2012,-0.72,0.61
03/05/2012,-1.23,-1.58
04/05/2012,-1.03,-1.12
08/05/2012,-1.65,1.01
09/05/2012,1.29,-0.98
10/05/2012,-1.51,-1.24
11/05/2012,-0.94,-0.36
14/05/2012,-0.42,-0.72
15/05/2012,-1.91,0.60
16/05/2012,0.92,1.51
17/05/2012,1.91,0.43
18/05/2012,-0.56,-0.79
21/05/2012,-1.06,-1.45
22/05/2012,-1.05,1.12
23/05/2012,1.07,0.25
24/05/2012,0.75,0.57
25/05/2012,1.00,0.56
28/05/2012,-0.97,-1.58
29/05/2012,-1.42,1.08
30/05/2012,1.23,1.76
31/05/2012,-1.60,1.34
01/06/2012,2.69,-1.33
06/06/2012,-0.52,-1.36
07/06/2012,-1.95,0.69
08/06/2012,1.28,1.11
11/06/2012,-0.56,1.00
12/06/2012,1.08,-0.61
13/06/2012,0.19,0.92
14/06/2012,-0.87,-0.85
15/06/2012,-0.90,0.79
18/06/2012,1.16,-1.23
19/06/2012,-1.32,-1.09
20/06/2012,-1.23,-1.02
21/06/2012,-1.96,0.54
22/06/2012,-0.58,0.62
25/06/2012,1.64,-0.40
26/06/2012,-1.48,-0.98
27/06/2012,-0.31,1.60
28/06/2012,1.00,-0.64
29/06/2012,1.02,1.27
02/07/2012,1.43,-0.50
03/07/2012,0.82,-0.77
04/07/2012,0.88,-1.03
05/07/2012,-1.89,-0.35
06/07/2012,-0.54,0.80
09/07/2012,1.10,-1.07
10/07/2012,-1.29,-1.15
11/07/2012,-1.27,1.59
12/07/2012,1.74,-0.60
13/07/2012,-1.25,-0.53
16/07/2012,1.17,-0.79
17/07/2012,-1.19,0.75
18/07/2012,1.25,-0.70
19/07/2012,-1.18,-0.50
20/07/2012,-0.67,0.84
23/07/2012,-0.27,1.06
24/07/2012,0.82,1.03
25/07/2012,1.61,0.12
26/07/2012,-0.54,-0.18
27/07/2012,-0.57,0.51
30/07/2012,1.42,-1.19
31/07/2012,-1.08,-0.35
01/08/2012,-1.27,0.56
02/08/2012,-0.79,0.71
03/08/2012,1.31,0.25
06/08/2012,1.01,0.37
07/08/2012,-0.76,0.33
08/08/2012,0.80,0.47
09/08/2012,-0.71,0.50
10/08/2012,0.78,-1.24
13/08/2012,-0.87,0.50
14/08/2012,-0.85,0.41
15/08/2012,0.85,0.80
16/08/2012,1.14,0.12
17/08/2012,-0.60,1.23
20/08/2012,1.71,0.39
21/08/2012,1.19,1.19
22/08/2012,1.84,0.32
23/08/2012,0.41,0.24
24/08/2012,1.20,-0.69
28/08/2012,-0.51,0.17
29/08/2012,-0.48,-0.85
30/08/2012,-0.68,1.62
31/08/2012,2.00,0.57
03/09/2012,1.03,-0.64
04/09/2012,0.25,0.81
05/09/2012,1.55,1.26
06/09/2012,-1.41,0.48
07/09/2012,2.07,0.52
10/09/2012,-0.49,0.12
11/09/2012,1.11,-0.46
12/09/2012,-1.66,1.56
13/09/2012,2.28,-0.56
14/09/2012,-0.72,-0.17
17/09/2012,-1.17,-0.39
18/09/2012,1.32,-0.68
19/09/2012,-1.07,1.22
20/09/2012,1.13,-1.11
21/09/2012,-1.66,0.71
24/09/2012,0.91,-1.23
25/09/2012,-0.62,1.02
26/09/2012,0.45,0.86
27/09/2012,1.44,0.79
28/09/2012,-0.93,-0.80
01/10/2012,1.21,-0.12
02/10/2012,-0.61,0.96
03/10/2012,0.83,-0.66
04/10/2012,-0.56,-0.77
05/10/2012,-1.69,0.17
08/10/2012,0.24,-0.85
09/10/2012,-0.49,0.66
10/10/2012,1.17,-0.36
11/10/2012,-1.16,-1.32
12/10/2012,-1.30,0.78
15/10/2012,-1.12,0.38
16/10/2012,0.84,-0.59
17/10/2012,-0.35,-0.59
18/10/2012,-1.41,-0.77
19/10/2012,-0.70,1.52
22/10/2012,2.24,-1.85
23/10/2012,-2.33,0.73
24/10/2012,0.64,0.17
25/10/2012,-1.13,-0.72
26/10/2012,0.69,0.42
29/10/2012,0.71,0.73
30/10/2012,0.97,-0.40
31/10/2012,1.08,-1.35
01/11/2012,-1.51,-0.30
02/11/2012,-1.78,0.67
05/11/2012,1.26,1.20
06/11/2012,1.54,0.32
07/11/2012,-1.17,1.11
08/11/2012,1.20,-0.42
09/11/2012,1.21,-0.72
12/11/2012,-0.39,-0.17
13/11/2012,-0.55,-0.96
14/11/2012,0.53,0.45
15/11/2012,-0.96,1.00
16/11/2012,1.11,0.32
19/11/2012,1.26,-0.69
20/11/2012,-0.74,0.64
21/11/2012,0.92,0.45
22/11/2012,0.60,0.96
23/11/2012,1.42,-0.49
26/11/2012,-0.30,-1.48
27/11/2012,-0.77,1.00
28/11/2012,-0.52,0.24
29/11/2012,1.24,-0.59
30/11/2012,-1.58,-1.14
03/12/2012,-0.60,-0.47
04/12/2012,-0.83,0.12
05/12/2012,-0.85,0.65
06/12/2012,0.25,0.80
07/12/2012,1.22,-0.38
10/12/2012,-0.71,0.60
11/12/2012,-0.46,-1.17
12/12/2012,-1.11,0.45
13/12/2012,-0.72,-0.17
14/12/2012,-0.98,-0.32
17/12/2012,0.73,-1.31
18/12/2012,-1.77,-0.93
19/12/2012,-0.89,0.25
20/12/2012,-1.99,0.49
21/12/2012,-0.68,0.35
27/12/2012,1.16,1.48
28/12/2012,1.55,-0.92
02/01/2013,0.36,-1.37
03/01/2013,-2.27,-0.41
04/01/2013,1.67,0.81
07/01/2013,0.91,0.33
08/01/2013,0.57,1.02
10/01/2013,0.77,-1.02
11/01/2013,0.54,0.74
14/01/2013,1.18,0.92
15/01/2013,0.36,-0.50
16/01/2013,0.93,-0.27
17/01/2013,1.01,0.90
18/01/2013,0.50,-0.24
21/01/2013,0.35,0.42
22/01/2013,0.95,-0.12
23/01/2013,-1.09,-1.07
24/01/2013,-0.95,-0.81
25/01/2013,-1.48,-0.46
28/01/2013,0.78,0.65
29/01/2013,0.97,0.92
30/01/2013,1.47,-0.87
31/01/2013,-1.37,0.51
01/02/2013,0.50,-0.42
04/02/2013,1.26,0.67
05/02/2013,-0.98,0.21
06/02/2013,0.40,-0.61
07/02/2013,-0.85,0.12
08/02/2013,-1.07,-0.99
11/02/2013,-1.01,-0.52
12/02/2013,0.80,-0.39
13/02/2013,-0.71,0.25
14/02/2013,-1.51,-1.43
15/02/2013,-0.77,-0.31
18/02/2013,0.00,-0.43
19/02/2013,-1.72,-1.09
20/02/2013,-1.16,-0.85
21/02/2013,0.49,-0.18
22/02/2013,1.15,0.79
25/02/2013,-1.20,0.52
26/02/2013,1.06,0.93
27/02/2013,-0.64,-0.99
28/02/2013,-1.80,-0.63
01/03/2013,1.56,-0.71
04/03/2013,0.91,0.59
05/03/2013,-0.81,-0.60
06/03/2013,0.97,0.59
07/03/2013,-0.89,0.38
08/03/2013,0.65,-0.42
11/03/2013,1.10,0.97
12/03/2013,-0.67,-0.55
13/03/2013,-1.28,-0.45
14/03/2013,0.97,0.77
15/03/2013,-0.62,0.72
18/03/2013,0.42,0.66
19/03/2013,0.42,-0.45
20/03/2013,0.19,0.62
21/03/2013,0.72,-0.61
22/03/2013,-1.16,-0.73
25/03/2013,0.75,-0.28
26/03/2013,-1.32,0.56
27/03/2013,1.05,-0.54
28/03/2013,-1.54,-0.96
02/04/2013,-1.66,-0.74
03/04/2013,-1.20,-1.34
04/04/2013,0.80,1.18
05/04/2013,1.05,0.67
08/04/2013,-0.27,0.38
09/04/2013,1.34,-0.38
10/04/2013,-0.78,-0.80
11/04/2013,-0.79,-1.37
12/04/2013,-3.75,-3.02
15/04/2013,-0.55,-1.04
16/04/2013,-0.83,0.93
17/04/2013,0.93,0.35
18/04/2013,0.80,0.92
19/04/2013,-0.50,1.16
22/04/2013,-1.58,-1.08
23/04/2013,-0.66,1.21
24/04/2013,1.30,1.26
25/04/2013,1.76,1.19
26/04/2013,1.02,-0.52
29/04/2013,0.79,0.32
30/04/2013,-1.36,-0.98
01/05/2013,-1.08,1.00
02/05/2013,1.54,0.00
03/05/2013,-1.44,-1.30
07/05/2013,0.68,1.28
08/05/2013,0.94,-0.41
09/05/2013,-1.71,-1.63
10/05/2013,1.11,0.55
13/05/2013,-0.96,0.46
14/05/2013,-1.56,-1.29
15/05/2013,-1.63,-1.43
16/05/2013,1.08,-0.94
17/05/2013,-1.95,-1.01
20/05/2013,1.90,0.67
21/05/2013,0.90,1.87
22/05/2013,-0.81,-1.41
23/05/2013,-0.63,0.84
24/05/2013,-0.30,-0.99
28/05/2013,0.00,0.66
29/05/2013,1.20,1.50
30/05/2013,-0.70,-1.16
31/05/2013,-0.79,0.76
03/06/2013,0.60,-0.46
04/06/2013,-0.79,0.57
05/06/2013,1.06,-0.53
06/06/2013,-0.30,-1.00
07/06/2013,-1.87,-0.45
10/06/2013,-1.03,-0.81
11/06/2013,0.96,0.79
12/06/2013,0.48,0.40
13/06/2013,-0.80,0.67
14/06/2013,0.91,-0.68
17/06/2013,-0.57,-1.14
18/06/2013,-0.91,0.66
19/06/2013,-2.53,-2.42
20/06/2013,-1.35,0.46
21/06/2013,-1.05,-0.81
24/06/2013,0.78,-0.78
25/06/2013,-2.36,-1.83
26/06/2013,-0.57,-0.53
27/06/2013,1.16,-1.82
28/06/2013,1.75,2.06
01/07/2013,0.96,0.89
02/07/2013,-0.60,-0.45
03/07/2013,0.32,0.37
04/07/2013,-1.13,-1.77
05/07/2013,-0.91,1.36
08/07/2013,-0.56,1.28
09/07/2013,1.19,0.20
10/07/2013,1.57,1.52
11/07/2013,-0.98,-0.64
12/07/2013,0.90,0.63
15/07/2013,0.81,0.72
16/07/2013,-0.78,0.67
17/07/2013,-1.31,-1.04
18/07/2013,-0.60,0.99
19/07/2013,1.65,1.55
22/07/2013,1.07,0.70
23/07/2013,1.03,0.34
24/07/2013,-1.53,-0.82
25/07/2013,0.71,0.61
26/07/2013,0.63,-0.31
29/07/2013,-1.45,-0.65
30/07/2013,1.15,-0.85
31/07/2013,-1.05,0.20
01/08/2013,-1.15,-0.66
02/08/2013,1.24,-0.59
05/08/2013,0.32,-1.36
06/08/2013,-1.61,0.40
07/08/2013,1.55,1.11
08/08/2013,1.71,0.91
09/08/2013,1.61,1.56
12/08/2013,1.73,-0.97
13/08/2013,0.43,-0.39
14/08/2013,1.52,0.49
15/08/2013,1.94,1.72
16/08/2013,1.32,-0.56
19/08/2013,-1.24,0.74
20/08/2013,0.55,-0.83
21/08/2013,0.75,0.96
22/08/2013,-0.21,0.38
23/08/2013,2.31,1.74
27/08/2013,1.36,0.13
28/08/2013,-1.60,-0.91
29/08/2013,-1.40,-0.96
30/08/2013,1.18,-0.42
02/09/2013,1.00,0.72
03/09/2013,-1.44,-0.82
04/09/2013,-0.90,-0.60
05/09/2013,-1.41,0.38
06/09/2013,1.60,0.47
09/09/2013,-1.16,-1.51
10/09/2013,-1.33,0.64
11/09/2013,-1.02,-1.62
12/09/2013,-2.05,-0.85
13/09/2013,0.86,0.65
16/09/2013,0.64,-0.94
17/09/2013,-1.51,-0.93
18/09/2013,2.67,2.23
19/09/2013,-1.06,-1.09
20/09/2013,-2.16,-1.39
23/09/2013,-1.05,-0.81
24/09/2013,1.06,0.80
25/09/2013,1.16,0.88
26/09/2013,-1.28,0.77
27/09/2013,0.57,-1.04
30/09/2013,0.30,-1.64
01/10/2013,-1.61,1.10
02/10/2013,1.43,0.86
03/10/2013,0.61,-0.69
04/10/2013,0.74,1.02
07/10/2013,1.56,0.67
08/10/2013,-0.95,-1.38
09/10/2013,-0.88,-0.65
10/10/2013,-1.37,-1.59
11/10/2013,0.00,1.26
14/10/2013,-2.19,-1.08
15/10/2013,2.01,0.49
16/10/2013,1.37,1.90
17/10/2013,0.83,-0.46
18/10/2013,1.00,0.28
21/10/2013,-0.37,1.08
22/10/2013,1.46,-0.36
23/10/2013,0.79,1.01
24/10/2013,-1.19,0.47
25/10/2013,0.92,0.99
28/10/2013,-1.01,-0.93
29/10/2013,1.39,0.64
30/10/2013,-1.54,-1.51
31/10/2013,-1.42,-1.14
01/11/2013,0.68,1.03
04/11/2013,-1.07,-1.00
05/11/2013,1.25,0.95
06/11/2013,-0.93,-0.94
07/11/2013,-0.48,-1.29
08/11/2013,-1.19,-0.48
11/11/2013,-1.17,-0.31
12/11/2013,-1.38,-0.83
13/11/2013,0.62,1.03
14/11/2013,-0.84,0.31
15/11/2013,0.16,-0.54
18/11/2013,-0.98,-0.78
19/11/2013,-0.99,-1.21
20/11/2013,-1.15,-1.16
21/11/2013,-0.45,0.71
22/11/2013,-1.05,-0.51
25/11/2013,1.42,0.60
26/11/2013,-0.80,-0.45
27/11/2013,-1.05,0.20
28/11/2013,0.93,0.78
29/11/2013,-0.95,-1.37
02/12/2013,-1.71,-1.00
03/12/2013,-0.79,0.92
04/12/2013,1.47,-0.64
05/12/2013,0.39,0.93
06/12/2013,0.23,0.57
09/12/2013,1.68,1.54
10/12/2013,1.30,-0.66
11/12/2013,-1.70,-1.68
12/12/2013,-1.12,0.74
13/12/2013,-0.51,0.47
16/12/2013,1.63,-0.49
17/12/2013,-0.63,-0.32
18/12/2013,-1.73,-1.67
19/12/2013,-0.23,-0.25
20/12/2013,0.45,0.56
23/12/2013,0.39,-0.46
24/12/2013,1.64,1.23
27/12/2013,-1.16,-0.91
30/12/2013,1.21,1.30
02/01/2014,1.10,0.88
03/01/2014,-0.83,0.98
06/01/2014,-0.32,-1.23
07/01/2014,-1.58,-0.73
08/01/2014,0.32,0.64
09/01/2014,1.15,1.22
10/01/2014,1.21,0.55
13/01/2014,0.95,0.53
14/01/2014,-0.94,-1.11
15/01/2014,-0.67,0.67
16/01/2014,0.22,0.83
17/01/2014,1.18,0.68
20/01/2014,-1.13,-1.19
21/01/2014,-0.89,0.49
22/01/2014,1.10,1.33
23/01/2014,0.63,0.56
24/01/2014,-1.34,-0.72
27/01/2014,-0.74,-0.86
28/01/2014,-0.45,1.01
29/01/2014,-1.17,-1.30
30/01/2014,-0.72,0.83
31/01/2014,-0.46,0.94
03/02/2014,0.60,-0.96
04/02/2014,1.22,0.58
05/02/2014,1.61,0.40
06/02/2014,-1.16,0.47
07/02/2014,1.29,1.19
10/02/2014,-0.39,0.63
11/02/2014,0.39,0.76
12/02/2014,0.59,0.71
13/02/2014,2.01,1.36
14/02/2014,1.63,0.75
17/02/2014,-1.14,-0.71
18/02/2014,1.33,-0.14
19/02/2014,-0.86,-0.57
20/02/2014,0.83,0.73
21/02/2014,1.19,0.93
24/02/2014,-1.20,0.56
25/02/2014,0.73,-0.74
26/02/2014,-1.46,0.19
27/02/2014,-0.72,-0.66
28/02/2014,0.95,1.32
03/03/2014,-1.20,-1.05
04/03/2014,0.90,0.41
05/03/2014,-0.99,0.79
06/03/2014,1.13,-0.86
07/03/2014,-1.35,0.81
10/03/2014,1.11,0.41
11/03/2014,-1.15,1.21
12/03/2014,1.13,0.45
13/03/2014,0.75,1.09
14/03/2014,-0.81,-0.69
17/03/2014,-1.15,-1.28
18/03/2014,-0.95,-1.14
19/03/2014,-1.67,-0.91
20/03/2014,1.37,0.82
21/03/2014,-1.31,-1.37
24/03/2014,-1.00,0.46
25/03/2014,0.39,-0.85
26/03/2014,-1.32,-0.78
27/03/2014,0.39,-0.31
28/03/2014,1.15,-0.48
31/03/2014,-0.92,-0.79
01/04/2014,0.32,0.80
02/04/2014,0.22,-0.79
03/04/2014,0.71,1.02
04/04/2014,-0.78,0.37
07/04/2014,1.31,0.90
08/04/2014,-1.14,-0.77
09/04/2014,1.33,1.20
10/04/2014,-0.86,-0.44
11/04/2014,-1.32,0.77
14/04/2014,0.39,-1.45
15/04/2014,-0.93,0.52
16/04/2014,0.32,-0.44
17/04/2014,-0.75,-0.97
22/04/2014,-0.51,-0.34
23/04/2014,-1.43,0.70
24/04/2014,1.77,0.87
25/04/2014,-0.55,-0.42
28/04/2014,-1.17,-0.31
29/04/2014,-0.51,-0.84
30/04/2014,-1.07,-0.88
01/05/2014,0.76,0.46
02/05/2014,1.57,1.40
06/05/2014,0.00,-0.89
07/05/2014,-1.41,-0.83
08/05/2014,0.00,0.57
09/05/2014,1.04,0.76
12/05/2014,-0.32,-0.42
13/05/2014,1.49,0.82
14/05/2014,-1.03,-0.69
15/05/2014,-1.30,-0.76
16/05/2014,1.07,0.90
19/05/2014,-0.96,-0.71
20/05/2014,-0.56,-0.80
21/05/2014,1.14,0.93
22/05/2014,-0.85,-0.73
23/05/2014,-0.94,-1.11
27/05/2014,-0.81,-0.97
28/05/2014,-1.20,-0.82
29/05/2014,0.89,-0.60
30/05/2014,-1.00,-0.51
02/06/2014,0.56,-0.60
03/06/2014,-0.76,0.45
04/06/2014,0.52,0.76
05/06/2014,1.08,-0.63
06/06/2014,0.65,0.69
09/06/2014,-0.76,0.69
10/06/2014,1.03,0.45
11/06/2014,0.82,0.55
12/06/2014,1.14,0.76
13/06/2014,0.68,0.51
16/06/2014,-0.78,-0.83
17/06/2014,0.96,0.42
18/06/2014,1.03,1.35
19/06/2014,1.85,1.23
20/06/2014,0.79,0.28
23/06/2014,1.34,0.62
24/06/2014,-1.27,-0.36
25/06/2014,0.49,-0.62
26/06/2014,1.00,0.66
27/06/2014,-0.90,-0.44
30/06/2014,1.00,0.97
01/07/2014,-0.44,-0.27
02/07/2014,-0.44,-0.82
03/07/2014,0.76,0.36
04/07/2014,-0.90,-0.69
07/07/2014,0.79,0.87
08/07/2014,0.49,-0.14
09/07/2014,1.32,1.15
10/07/2014,-0.63,-0.63
11/07/2014,-1.15,-1.47
14/07/2014,-0.97,0.55
15/07/2014,-1.05,-0.83
16/07/2014,0.62,0.62
17/07/2014,0.88,0.55
18/07/2014,-0.22,-0.83
21/07/2014,-0.76,0.34
22/07/2014,0.76,0.60
23/07/2014,-0.66,0.57
24/07/2014,-1.35,-0.31
25/07/2014,0.91,-0.41
28/07/2014,0.22,-1.08
29/07/2014,-0.70,0.39
30/07/2014,-0.99,0.87
01/08/2014,0.22,-0.63
04/08/2014,-0.86,-0.60
05/08/2014,-1.44,-0.50
06/08/2014,1.21,-0.24
07/08/2014,0.55,-0.67
08/08/2014,-1.18,1.30
11/08/2014,1.08,-0.31
12/08/2014,-0.95,0.59
13/08/2014,-0.45,-0.44
14/08/2014,0.00,0.81
15/08/2014,-1.17,-0.53
18/08/2014,0.60,0.34
19/08/2014,-1.10,-1.15
20/08/2014,-0.32,0.24
21/08/2014,0.68,-0.14
22/08/2014,0.00,-0.34
26/08/2014,-0.93,-1.23
27/08/2014,1.49,0.40
28/08/2014,-1.19,0.83
29/08/2014,0.32,-0.50
01/09/2014,-1.22,0.85
02/09/2014,-0.72,-0.70
03/09/2014,0.76,0.24
04/09/2014,-0.65,-1.23
05/09/2014,0.56,-0.34
08/09/2014,-1.00,0.69
09/09/2014,0.23,-0.66
10/09/2014,-1.28,-0.74
11/09/2014,-0.57,-0.51
12/09/2014,0.00,-0.62
15/09/2014,0.77,-0.88
16/09/2014,-0.80,-0.89
17/09/2014,-0.84,0.47
18/09/2014,-0.52,-0.40
19/09/2014,-1.96,0.55
22/09/2014,1.01,-1.12
23/09/2014,-0.94,-0.25
24/09/2014,-1.16,-0.72
25/09/2014,0.34,0.84
26/09/2014,0.48,-0.62
29/09/2014,-1.64,-0.54
30/09/2014,-0.64,0.00
01/10/2014,0.54,0.69
02/10/2014,-0.84,-0.50
03/10/2014,0.54,0.00
06/10/2014,1.41,-0.62
07/10/2014,-0.24,-1.18
08/10/2014,1.29,0.25
09/10/2014,-1.47,1.11
10/10/2014,0.93,0.73
13/10/2014,0.72,0.90
14/10/2014,-1.67,-0.79
15/10/2014,1.63,0.91
16/10/2014,-0.76,0.68
17/10/2014,0.34,0.47
20/10/2014,-0.34,0.14
21/10/2014,0.00,-0.53
22/10/2014,-1.29,0.91
23/10/2014,0.84,0.68
24/10/2014,-0.24,-0.72
27/10/2014,0.00,-0.94
28/10/2014,0.34,0.00
29/10/2014,-1.56,-0.57
30/10/2014,-1.86,0.20
31/10/2014,-0.56,-0.68
03/11/2014,-0.43,-1.33
04/11/2014,-2.23,-1.77
05/11/2014,-0.51,0.55
06/11/2014,0.96,-0.33
07/11/2014,1.27,-1.45
10/11/2014,-0.80,0.51
11/11/2014,0.57,0.91
12/11/2014,0.88,0.81
13/11/2014,-1.57,-0.69
14/11/2014,2.35,0.83
17/11/2014,0.66,-0.49
18/11/2014,-0.25,0.79
19/11/2014,-0.61,1.07
20/11/2014,0.79,0.93
21/11/2014,0.43,0.52
24/11/2014,1.42,-0.71
25/11/2014,-0.55,1.07
26/11/2014,-1.07,-0.72
27/11/2014,-1.66,0.35
28/11/2014,-1.23,-0.35
01/12/2014,1.65,-0.48
02/12/2014,0.93,-1.00
03/12/2014,0.86,0.98
04/12/2014,-0.74,0.29
05/12/2014,-0.65,0.90
08/12/2014,0.82,0.59
09/12/2014,2.05,-1.11
10/12/2014,-0.68,-0.29
11/12/2014,0.73,1.69
12/12/2014,-1.14,0.40
15/12/2014,-1.82,-1.02
16/12/2014,-1.44,0.25
17/12/2014,0.90,-0.80
18/12/2014,-1.17,-0.75
19/12/2014,1.20,-0.75
22/12/2014,-1.54,0.52
23/12/2014,1.36,-0.54
29/12/2014,-1.15,-0.14
30/12/2014,-0.71,-1.28
02/01/2015,1.04,0.91
05/01/2015,1.61,1.32
06/01/2015,0.50,-1.68
07/01/2015,0.49,1.55
08/01/2015,-0.89,0.92
09/01/2015,1.31,0.14
12/01/2015,1.70,0.64
13/01/2015,-1.46,0.43
14/01/2015,1.70,0.85
15/01/2015,-1.08,0.64
16/01/2015,2.08,0.53
19/01/2015,0.92,1.39
20/01/2015,1.54,1.21
21/01/2015,-0.88,-0.54
22/01/2015,0.91,1.09
23/01/2015,-1.48,0.61
26/01/2015,0.47,0.42
27/01/2015,0.89,-0.28
28/01/2015,-1.79,-1.02
29/01/2015,-1.71,0.75
30/01/2015,1.33,-0.20
02/02/2015,1.47,-1.22
03/02/2015,-1.07,-0.82
04/02/2015,-1.50,0.99
05/02/2015,1.14,-0.81
06/02/2015,-1.20,0.58
09/02/2015,-1.00,-0.85
10/02/2015,0.94,-1.20
11/02/2015,-0.59,-0.45
12/02/2015,-0.42,-0.57
13/02/2015,1.56,-0.93
16/02/2015,-1.61,-0.32
17/02/2015,-1.54,0.90
18/02/2015,1.37,-0.51
19/02/2015,-1.53,-1.27
20/02/2015,-0.93,-0.54
23/02/2015,0.86,0.54
24/02/2015,1.08,-0.32
25/02/2015,1.37,-0.56
26/02/2015,-1.31,-1.00
27/02/2015,0.78,1.01
02/03/2015,-1.12,0.54
03/03/2015,-0.78,0.69
04/03/2015,-0.89,-0.35
05/03/2015,-1.11,0.14
06/03/2015,-0.66,-1.05
09/03/2015,-0.94,0.46
10/03/2015,-0.94,-1.48
11/03/2015,0.51,-0.79
12/03/2015,-1.07,-0.75
13/03/2015,0.72,-1.02
16/03/2015,-0.36,0.44
17/03/2015,-0.76,-0.15
18/03/2015,1.63,-0.33
19/03/2015,1.35,0.00
20/03/2015,1.86,-0.55
23/03/2015,1.20,1.28
24/03/2015,-0.42,1.21
25/03/2015,1.06,0.52
26/03/2015,0.24,0.67
27/03/2015,-1.69,0.59
30/03/2015,-0.55,0.79
31/03/2015,-0.49,-0.78
01/04/2015,1.30,-0.93
02/04/2015,0.34,0.36
07/04/2015,-0.34,0.92
08/04/2015,-1.79,0.35
09/04/2015,1.24,1.02
10/04/2015,-1.30,-0.56
13/04/2015,-1.08,-1.02
14/04/2015,0.79,1.02
15/04/2015,1.34,-0.84
16/04/2015,-0.82,-0.59
17/04/2015,-1.28,-0.39
20/04/2015,-0.25,0.98
21/04/2015,-0.43,-0.29
22/04/2015,-1.09,-0.75
23/04/2015,-0.43,-0.32
24/04/2015,0.25,-0.71
27/04/2015,1.74,-0.54
28/04/2015,0.99,-0.48
29/04/2015,0.49,1.20
30/04/2015,-1.46,0.87
01/05/2015,1.24,0.00
05/05/2015,-0.25,-1.54
06/05/2015,-0.60,-0.60
07/05/2015,-0.49,1.34
08/05/2015,0.70,-0.48
11/05/2015,0.65,-0.78
12/05/2015,1.07,-0.29
13/05/2015,2.12,0.52
14/05/2015,-0.93,0.43
15/05/2015,1.62,1.26
18/05/2015,-1.30,1.09
19/05/2015,-1.38,-0.61
20/05/2015,0.80,0.50
21/05/2015,0.64,-0.87
22/05/2015,-1.63,-0.56
26/05/2015,-0.88,-0.67
27/05/2015,0.35,-0.27
28/05/2015,-0.24,-1.25
29/05/2015,-0.60,0.19
01/06/2015,0.74,-0.27
02/06/2015,-0.77,0.73
03/06/2015,-0.88,0.84
04/06/2015,-1.39,-0.77
05/06/2015,-0.75,-0.48
08/06/2015,0.66,-1.08
09/06/2015,0.00,-0.98
10/06/2015,-1.27,0.84
11/06/2015,0.61,0.63
12/06/2015,0.00,0.97
15/06/2015,0.79,-0.92
16/06/2015,-0.56,0.60
17/06/2015,1.28,-0.34
18/06/2015,-0.86,-0.56
19/06/2015,0.66,0.15
22/06/2015,-1.19,1.42
23/06/2015,0.00,0.36
24/06/2015,-1.09,-1.22
25/06/2015,0.62,-0.80
26/06/2015,0.00,-0.60
29/06/2015,-0.91,-0.31
30/06/2015,-0.67,-0.43
01/07/2015,-0.36,0.69
02/07/2015,0.44,-0.65
03/07/2015,-0.57,-0.51
06/07/2015,0.36,-0.49
07/07/2015,-1.99,0.48
08/07/2015,1.61,-0.41
09/07/2015,0.67,-0.91
10/07/2015,0.00,0.44
13/07/2015,-1.05,0.70
14/07/2015,0.44,-0.65
15/07/2015,-1.58,-0.68
16/07/2015,0.73,0.54
17/07/2015,-1.06,-0.93
20/07/2015,-0.78,-0.51
21/07/2015,0.45,-1.01
22/07/2015,0.82,-1.58
23/07/2015,-1.62,0.30
24/07/2015,1.17,-1.24
27/07/2015,-1.01,0.90
28/07/2015,0.69,-1.23
29/07/2015,0.45,1.33
30/07/2015,-0.74,-0.59
31/07/2015,1.08,-0.74
03/08/2015,-1.14,-0.50
04/08/2015,-0.37,1.00
05/08/2015,0.69,-0.77
06/08/2015,1.05,-0.34
07/08/2015,0.94,-0.71
10/08/2015,1.70,0.65
11/08/2015,0.57,0.59
12/08/2015,-0.44,0.57
13/08/2015,1.20,1.01
14/08/2015,-1.43,0.98
17/08/2015,0.00,-0.45
18/08/2015,-1.60,0.37
19/08/2015,2.11,0.22
20/08/2015,-0.51,-0.81
21/08/2015,-1.83,1.15
24/08/2015,-0.68,1.38
25/08/2015,-1.76,0.88
26/08/2015,-0.99,0.93
27/08/2015,1.09,-1.58
28/08/2015,1.29,-1.21
01/09/2015,-0.90,-0.40
02/09/2015,1.01,1.20
03/09/2015,-0.37,0.80
04/09/2015,-1.01,-0.63
07/09/2015,0.79,-0.93
08/09/2015,0.98,-0.93
09/09/2015,-0.58,0.33
10/09/2015,-0.98,0.38
11/09/2015,-1.01,-1.00
14/09/2015,-0.74,-0.18
15/09/2015,1.06,-0.91
16/09/2015,1.31,0.64
17/09/2015,1.84,0.32
18/09/2015,-0.72,1.03
21/09/2015,-1.26,-0.09
22/09/2015,-0.97,1.47
23/09/2015,-0.26,-0.85
24/09/2015,1.16,-0.96
25/09/2015,-1.39,0.87
28/09/2015,-0.98,1.43
29/09/2015,0.79,-0.82
30/09/2015,-0.83,-1.17
01/10/2015,-0.91,0.30
02/10/2015,2.38,-1.26
05/10/2015,1.66,0.67
06/10/2015,0.98,1.39
07/10/2015,-1.15,-0.30
08/10/2015,1.56,0.82
09/10/2015,-0.43,-0.50
12/10/2015,-1.48,-0.63
13/10/2015,1.21,1.01
14/10/2015,1.47,1.08
15/10/2015,-0.93,0.16
16/10/2015,-1.06,0.86
19/10/2015,-0.83,0.94
21/10/2015,0.36,-0.54
22/10/2015,1.15,-0.68
23/10/2015,0.87,0.45
26/10/2015,-1.37,-0.95
27/10/2015,1.21,-0.09
28/10/2015,-1.14,-0.70
29/10/2015,-1.10,0.67
30/10/2015,-1.21,-0.24
02/11/2015,-0.36,1.09
03/11/2015,-0.88,-1.62
04/11/2015,-1.25,-0.74
05/11/2015,0.63,-0.85
06/11/2015,-1.41,-0.98
09/11/2015,-1.25,-0.86
10/11/2015,-0.87,-0.87
11/11/2015,-0.59,-1.25
12/11/2015,0.00,0.25
13/11/2015,-0.46,-0.48
16/11/2015,-0.88,-0.33
17/11/2015,-0.75,0.37
18/11/2015,0.53,-0.74
19/11/2015,0.75,0.55
20/11/2015,-1.47,-0.72
23/11/2015,1.07,-1.03
24/11/2015,-0.70,1.18
25/11/2015,1.25,-0.28
26/11/2015,-1.12,-1.02
27/11/2015,-0.46,0.22
30/11/2015,0.96,-1.13
01/12/2015,-0.70,0.00
02/12/2015,-1.22,0.00
03/12/2015,1.20,0.65
04/12/2015,1.60,0.57
07/12/2015,-1.31,-0.97
08/12/2015,0.46,0.07
09/12/2015,-0.84,1.50
10/12/2015,-1.33,-0.57
11/12/2015,-1.23,-0.59
14/12/2015,0.47,0.91
15/12/2015,0.00,-0.96
16/12/2015,1.57,0.37
17/12/2015,-1.36,-0.63
18/12/2015,1.66,-0.79
21/12/2015,0.53,1.14
22/12/2015,0.79,-1.55
23/12/2015,-0.95,1.12
24/12/2015,-1.38,1.24
29/12/2015,-0.89,-0.60
30/12/2015,0.00,-0.79
31/12/2015,1.17,0.42
05/01/2016,0.38,-0.97
07/01/2016,0.27,1.27
08/01/2016,-0.71,1.16
11/01/2016,-0.80,1.17
12/01/2016,-0.60,-0.64
13/01/2016,1.17,-0.32
14/01/2016,-1.25,-1.18
15/01/2016,0.76,0.50
18/01/2016,1.04,0.15
19/01/2016,0.38,0.70
20/01/2016,-0.53,-0.64
21/01/2016,1.07,-0.52
22/01/2016,0.59,1.19
25/01/2016,0.88,-0.69
26/01/2016,0.59,-0.15
27/01/2016,-1.44,0.97
29/01/2016,1.33,0.80
01/02/2016,-0.70,0.49
02/02/2016,1.03,-0.45
03/02/2016,1.51,-0.44
04/02/2016,1.07,1.15
05/02/2016,0.45,0.42
08/02/2016,1.64,0.56
09/02/2016,-1.20,1.47
10/02/2016,1.87,-0.72
11/02/2016,-0.25,1.93
12/02/2016,-1.56,-0.43
15/02/2016,0.77,-0.29
16/02/2016,-0.81,2.07
17/02/2016,0.00,-0.32
18/02/2016,0.89,-1.60
19/02/2016,-1.55,0.33
22/02/2016,1.18,0.20
23/02/2016,0.85,0.09
24/02/2016,-1.02,1.32
25/02/2016,0.26,-1.28
26/02/2016,-1.66,0.92
29/02/2016,1.28,1.55
01/03/2016,-1.06,-1.09
02/03/2016,1.01,-0.88
03/03/2016,1.75,0.83
04/03/2016,1.22,0.36
07/03/2016,0.00,0.47
08/03/2016,-1.58,0.94
10/03/2016,1.47,1.48
14/03/2016,-1.34,-0.87
15/03/2016,-0.44,-0.27
16/03/2016,1.70,-1.28
17/03/2016,1.16,1.27
18/03/2016,-0.90,-0.37
21/03/2016,0.71,-1.32
22/03/2016,-1.40,-0.93
23/03/2016,-1.39,-0.53
24/03/2016,-1.20,1.76
29/03/2016,1.46,-1.07
30/03/2016,0.00,-0.76
31/03/2016,0.00,0.78
01/04/2016,-1.65,-1.67
04/04/2016,1.24,0.53
05/04/2016,-0.89,0.64
06/04/2016,1.00,0.91
07/04/2016,-0.63,0.25
08/04/2016,1.62,-1.38
11/04/2016,1.60,0.71
12/04/2016,0.35,0.97
13/04/2016,0.97,-0.89
14/04/2016,0.50,1.30
15/04/2016,0.43,-0.46
18/04/2016,1.61,1.11
19/04/2016,1.45,-0.11
20/04/2016,1.44,-0.84
21/04/2016,-0.87,-0.98
22/04/2016,-1.39,-0.74
25/04/2016,0.73,0.77
26/04/2016,1.52,1.31
27/04/2016,0.24,-0.52
28/04/2016,1.71,-0.47
29/04/2016,-1.43,-0.69
03/05/2016,-1.33,-0.59
04/05/2016,1.08,0.48
05/05/2016,-0.63,0.68
06/05/2016,0.34,0.83
09/05/2016,-1.29,1.54
10/05/2016,1.66,0.81
11/05/2016,-1.26,-0.92
12/05/2016,-0.90,-0.46
13/05/2016,1.16,0.83
16/05/2016,-1.18,-1.36
17/05/2016,-0.42,-0.44
18/05/2016,-1.62,1.05
19/05/2016,-0.49,0.43
20/05/2016,-1.23,-1.02
23/05/2016,-0.50,1.25
24/05/2016,-0.63,-0.82
25/05/2016,1.25,-0.57
26/05/2016,-0.99,-1.45
27/05/2016,-1.21,0.80
31/05/2016,-0.83,-0.81
01/06/2016,0.43,-0.85
02/06/2016,0.87,-1.15
03/06/2016,1.37,0.52
06/06/2016,-0.74,-0.79
07/06/2016,1.64,-0.58
08/06/2016,1.34,0.44
09/06/2016,1.26,-0.42
10/06/2016,0.00,1.52
13/06/2016,-0.64,0.53
14/06/2016,0.96,-0.49
15/06/2016,1.31,1.33
16/06/2016,-1.39,0.27
17/06/2016,-0.45,0.96
20/06/2016,0.38,0.64
21/06/2016,-0.96,0.70
22/06/2016,0.72,-0.55
23/06/2016,2.08,1.46
24/06/2016,-1.37,-1.24
27/06/2016,-0.86,-0.83
28/06/2016,1.91,-0.85
29/06/2016,0.91,-0.78
30/06/2016,2.19,-0.46
01/07/2016,2.41,2.06
04/07/2016,-1.76,0.83
05/07/2016,1.88,-1.06
06/07/2016,-1.53,0.95
07/07/2016,-1.07,-0.24
08/07/2016,1.95,1.21
11/07/2016,-0.77,0.90
12/07/2016,-0.54,0.00
13/07/2016,-0.44,1.07
14/07/2016,-0.74,-0.84
15/07/2016,-1.44,-0.42
18/07/2016,1.17,0.46
19/07/2016,-1.20,-1.04
20/07/2016,-1.35,0.16
21/07/2016,1.36,-1.19
22/07/2016,-1.21,0.51
25/07/2016,1.18,0.76
26/07/2016,-0.71,-0.53
27/07/2016,2.06,-1.06
28/07/2016,-1.35,0.63
29/07/2016,1.53,-0.17
01/08/2016,0.99,-0.76
02/08/2016,-0.76,0.87
03/08/2016,-1.45,0.67
04/08/2016,0.55,0.98
05/08/2016,-1.66,0.14
08/08/2016,0.45,0.76
09/08/2016,1.80,1.02
10/08/2016,-0.78,-0.60
11/08/2016,-1.30,0.53
12/08/2016,0.39,-1.28
15/08/2016,0.82,-0.52
16/08/2016,-1.52,0.56
17/08/2016,1.04,0.71
18/08/2016,-1.36,0.74
19/08/2016,-1.61,-0.45
22/08/2016,0.61,-0.97
23/08/2016,-0.86,0.59
24/08/2016,-1.34,-0.22
25/08/2016,0.96,0.71
26/08/2016,0.77,-0.52
30/08/2016,-0.46,-0.88
31/08/2016,-0.69,0.68
01/09/2016,0.73,-1.05
02/09/2016,1.95,-0.67
05/09/2016,0.85,-0.44
06/09/2016,1.28,-0.21
07/09/2016,0.22,-0.82
08/09/2016,-1.62,0.14
09/09/2016,-1.89,1.08
12/09/2016,1.53,0.35
13/09/2016,-0.79,0.91
14/09/2016,-0.65,0.91
15/09/2016,-0.51,-0.61
16/09/2016,1.05,-0.97
19/09/2016,0.51,-0.69
20/09/2016,1.16,-0.27
21/09/2016,1.51,-0.38
22/09/2016,-0.53,-0.91
23/09/2016,-1.38,-0.43
26/09/2016,-0.32,0.70
27/09/2016,-1.24,-0.28
28/09/2016,-0.76,0.97
29/09/2016,1.34,0.99
30/09/2016,-0.94,-0.18
03/10/2016,-1.51,0.37
04/10/2016,-2.24,-1.00
05/10/2016,-0.47,-0.58
06/10/2016,-1.56,-0.58
07/10/2016,1.61,0.58
10/10/2016,-1.30,-0.83
11/10/2016,-0.48,-1.51
12/10/2016,0.93,-1.04
13/10/2016,-0.83,-1.08
14/10/2016,-0.63,0.58
17/10/2016,1.20,0.24
18/10/2016,0.48,-0.69
19/10/2016,-0.71,0.49
20/10/2016,-0.72,0.60
21/10/2016,0.86,-0.86
24/10/2016,0.71,0.49
25/10/2016,-0.63,0.52
26/10/2016,0.00,0.93
27/10/2016,-0.53,0.45
28/10/2016,0.92,-0.66
31/10/2016,1.64,-0.20
01/11/2016,1.28,0.55
02/11/2016,-1.59,0.29
03/11/2016,1.13,-0.58
04/11/2016,-0.66,0.73
07/11/2016,0.47,-0.28
08/11/2016,1.74,1.14
09/11/2016,-0.56,1.09
10/11/2016,-0.92,-0.46
11/11/2016,-2.74,0.37
14/11/2016,-1.06,-1.23
15/11/2016,-0.54,-0.23
16/11/2016,0.73,-0.27
17/11/2016,-1.76,-1.04
18/11/2016,1.01,-1.57
21/11/2016,0.69,-1.36
22/11/2016,-1.09,1.05
23/11/2016,-1.23,0.43
24/11/2016,0.97,-0.45
25/11/2016,1.14,-1.13
28/11/2016,-0.92,0.52
29/11/2016,0.89,-0.41
30/11/2016,-1.49,-1.49
01/12/2016,0.55,0.25
02/12/2016,1.29,0.37
05/12/2016,1.01,-0.24
06/12/2016,-0.35,-0.19
07/12/2016,1.47,-0.84
08/12/2016,-1.03,-1.17
09/12/2016,-0.73,1.00
12/12/2016,0.94,-0.98
13/12/2016,0.77,0.94
14/12/2016,-2.38,0.66
15/12/2016,-0.75,-0.75
16/12/2016,-0.56,-0.80
19/12/2016,-1.12,-0.80
20/12/2016,1.21,0.46
21/12/2016,-1.27,0.57
22/12/2016,-0.44,-1.74
23/12/2016,0.84,0.64
28/12/2016,1.15,0.64
29/12/2016,1.06,-0.96
30/12/2016,-1.34,0.84
03/01/2017,1.72,-0.45
04/01/2017,1.02,0.54
05/01/2017,-0.92,1.00
06/01/2017,0.65,0.67
09/01/2017,0.94,1.07
10/01/2017,0.87,1.03
11/01/2017,0.85,-0.27
12/01/2017,-0.94,0.47
13/01/2017,0.60,0.97
16/01/2017,1.03,-0.96
17/01/2017,0.84,1.50
18/01/2017,-1.00,-1.10
19/01/2017,-0.59,1.03
20/01/2017,1.22,1.04
23/01/2017,-0.45,-0.33
24/01/2017,-1.01,-1.24
25/01/2017,-0.64,0.61
26/01/2017,-0.97,1.01
27/01/2017,1.55,0.57
30/01/2017,1.05,-1.34
31/01/2017,1.34,-0.67
01/02/2017,0.79,-0.64
02/02/2017,-1.56,0.82
03/02/2017,1.36,1.29
06/02/2017,0.00,-0.87
07/02/2017,0.89,1.23
08/02/2017,-0.38,-0.74
09/02/2017,-0.73,0.97
10/02/2017,1.41,0.59
13/02/2017,-0.60,0.95
14/02/2017,-0.37,-0.65
15/02/2017,1.11,-0.83
16/02/2017,-0.72,-0.70
17/02/2017,-0.37,0.83
20/02/2017,-0.71,-0.72
21/02/2017,0.78,1.15
22/02/2017,0.00,0.34
23/02/2017,1.22,-0.61
24/02/2017,0.62,-0.58
27/02/2017,-0.57,0.53
28/02/2017,0.52,0.95
01/03/2017,0.00,0.68
02/03/2017,-1.91,0.53
03/03/2017,0.92,-0.36
06/03/2017,-0.79,-1.10
07/03/2017,-1.30,-0.43
08/03/2017,-1.22,-0.97
09/03/2017,-1.21,0.60
10/03/2017,0.88,-1.08
13/03/2017,-0.34,-0.78
14/03/2017,-0.73,-0.47
15/03/2017,1.80,-0.57
16/03/2017,-0.59,0.36
17/03/2017,-0.99,0.18
20/03/2017,0.68,-0.69
21/03/2017,1.25,1.60
22/03/2017,-0.41,0.14
23/03/2017,0.68,0.48
24/03/2017,1.33,0.86
27/03/2017,0.00,0.77
28/03/2017,1.03,-0.35
29/03/2017,-0.41,0.00
30/03/2017,-0.47,0.90
31/03/2017,0.74,-0.15
03/04/2017,1.00,-0.70
04/04/2017,-0.66,-0.43
05/04/2017,-0.47,-0.56
06/04/2017,0.99,0.44
07/04/2017,-1.58,0.91
10/04/2017,0.00,-0.97
11/04/2017,1.44,0.73
12/04/2017,1.17,1.06
13/04/2017,-0.87,-1.14
18/04/2017,-1.04,0.48
19/04/2017,-0.41,1.31
20/04/2017,-1.07,0.88
21/04/2017,-0.97,-0.64
24/04/2017,0.41,0.09
25/04/2017,-1.18,0.49
26/04/2017,-0.86,-0.14
27/04/2017,-0.54,-0.99
28/04/2017,-1.63,-0.36
02/05/2017,-0.77,-0.69
03/05/2017,-1.44,0.27
04/05/2017,-1.18,0.54
05/05/2017,0.82,-0.93
08/05/2017,-0.99,-0.64
09/05/2017,0.66,-1.32
10/05/2017,0.70,-0.18
11/05/2017,-0.65,0.38
12/05/2017,1.33,-0.87
15/05/2017,0.89,0.46
16/05/2017,1.04,0.13
17/05/2017,-0.73,0.81
18/05/2017,-0.49,0.41
19/05/2017,1.04,0.27
22/05/2017,1.06,1.37
23/05/2017,-0.80,-0.35
24/05/2017,0.84,-0.56
25/05/2017,0.90,0.74
26/05/2017,-0.34,0.33
30/05/2017,0.48,-0.78
31/05/2017,-1.02,0.59
01/06/2017,0.59,0.80
02/06/2017,1.39,-0.43
05/06/2017,0.48,0.53
06/06/2017,0.48,-0.33
07/06/2017,0.00,0.89
08/06/2017,-1.19,0.63
09/06/2017,-1.13,1.03
12/06/2017,-1.35,-0.44
13/06/2017,0.91,-1.18
14/06/2017,-0.77,-0.72
15/06/2017,-0.77,-0.11
16/06/2017,-0.73,-0.59
19/06/2017,-0.69,1.03
20/06/2017,-0.69,-1.28
21/06/2017,0.65,0.26
22/06/2017,0.89,-0.76
23/06/2017,-1.04,-0.69
26/06/2017,0.89,0.16
27/06/2017,0.85,0.82
28/06/2017,0.55,0.63
29/06/2017,-1.46,-0.91
30/06/2017,0.25,0.59
03/07/2017,-1.42,-0.35
04/07/2017,-1.11,-0.60
05/07/2017,0.61,-0.32
06/07/2017,-1.03,-1.02
07/07/2017,-1.98,-0.67
10/07/2017,1.38,-0.53
11/07/2017,1.44,0.61
12/07/2017,0.87,-0.87
13/07/2017,-1.23,-0.56
14/07/2017,1.51,-0.26
17/07/2017,0.79,0.80
18/07/2017,0.61,0.09
19/07/2017,-0.56,0.97
20/07/2017,1.24,0.56
21/07/2017,0.65,0.73
24/07/2017,-1.07,0.34
25/07/2017,0.61,-0.53
26/07/2017,1.60,0.89
27/07/2017,-1.17,0.75
28/07/2017,1.10,-0.30
31/07/2017,-0.35,-0.71
01/08/2017,-0.65,1.02
02/08/2017,-1.10,0.55
03/08/2017,1.18,0.46
04/08/2017,-1.85,0.52
07/08/2017,1.27,-0.33
08/08/2017,1.10,-0.34
09/08/2017,1.72,-0.91
10/08/2017,0.24,0.15
11/08/2017,-0.84,0.55
14/08/2017,-0.69,0.86
15/08/2017,-1.12,1.02
16/08/2017,1.43,0.36
17/08/2017,0.87,-0.54
18/08/2017,-0.87,-0.97
21/08/2017,0.00,0.44
22/08/2017,0.48,0.99
23/08/2017,-0.87,0.91
24/08/2017,0.73,-0.47
25/08/2017,1.85,-0.82
29/08/2017,-0.95,0.44
30/08/2017,-0.76,0.43
31/08/2017,0.96,-0.54
01/09/2017,1.31,1.61
04/09/2017,0.67,-0.88
05/09/2017,-0.78,0.50
06/09/2017,0.34,0.81
07/09/2017,1.54,0.98
08/09/2017,-1.41,0.43
11/09/2017,-0.75,0.41
12/09/2017,0.95,0.65
13/09/2017,-0.95,0.45
14/09/2017,-0.53,-0.95
15/09/2017,-0.98,-0.76
18/09/2017,-1.47,0.28
19/09/2017,1.16,-0.48
20/09/2017,-1.57,-0.36
21/09/2017,0.34,-0.90
22/09/2017,-0.34,-0.44
25/09/2017,0.59,0.36
26/09/2017,-0.84,-1.21
27/09/2017,-0.64,0.46
28/09/2017,0.49,-0.34
29/09/2017,-1.29,0.72
02/10/2017,0.43,-1.16
03/10/2017,1.14,0.25
04/10/2017,-0.99,-0.14
05/10/2017,-0.46,-0.86
06/10/2017,1.33,-0.44
09/10/2017,1.09,0.49
10/10/2017,0.42,0.14
11/10/2017,0.51,-1.00
12/10/2017,0.17,1.16
13/10/2017,1.10,0.99
16/10/2017,-1.31,-0.41
17/10/2017,-0.97,0.28
18/10/2017,0.67,0.85
19/10/2017,0.54,0.53
20/10/2017,-0.68,-1.19
23/10/2017,0.49,-0.60
24/10/2017,-0.92,0.70
25/10/2017,0.69,-0.64
26/10/2017,-1.21,-0.70
27/10/2017,0.30,0.35
30/10/2017,0.71,-0.34
31/10/2017,0.84,-0.31
01/11/2017,0.91,-0.76
02/11/2017,0.17,0.66
03/11/2017,-1.00,-0.38
06/11/2017,0.73,0.74
07/11/2017,-0.24,0.41
08/11/2017,0.79,-0.97
09/11/2017,-0.76,0.54
10/11/2017,-0.66,0.61
13/11/2017,0.24,0.81
14/11/2017,1.03,0.25
15/11/2017,-0.66,-0.20
16/11/2017,0.51,-0.70
17/11/2017,0.59,-0.51
20/11/2017,-0.92,0.77
21/11/2017,-0.45,-0.41
22/11/2017,0.88,0.58
23/11/2017,-0.51,0.38
24/11/2017,0.54,-0.47
27/11/2017,-0.42,0.53
28/11/2017,-1.01,0.51
29/11/2017,-1.39,0.11
30/11/2017,-0.95,0.58
01/12/2017,-0.74,-0.49
04/12/2017,-0.52,-0.79
05/12/2017,-1.02,-0.53
06/12/2017,-1.13,-0.61
07/12/2017,-0.73,-0.40
08/12/2017,0.25,-0.75
11/12/2017,-0.59,-0.45
12/12/2017,-0.69,-0.83
13/12/2017,1.39,-0.59
14/12/2017,-0.40,-0.53
15/12/2017,0.81,-0.71
18/12/2017,0.64,0.38
19/12/2017,0.43,0.82
20/12/2017,-0.50,0.54
21/12/2017,0.43,0.69
22/12/2017,1.42,-0.14
27/12/2017,1.21,0.58
28/12/2017,1.60,0.00
08/01/2018,-0.45,1.08
10/01/2018,-0.85,1.72
11/01/2018,0.80,0.44
12/01/2018,1.09,0.50
15/01/2018,-1.15,0.53
16/01/2018,0.82,0.97
17/01/2018,-0.84,-0.63
18/01/2018,-0.54,0.37
19/01/2018,-0.17,-0.51
22/01/2018,-0.57,0.45
23/01/2018,1.11,-0.42
24/01/2018,1.39,0.25
25/01/2018,-0.83,1.23
26/01/2018,-0.61,0.30
29/01/2018,-0.48,-0.36
30/01/2018,-0.61,-0.83
31/01/2018,-0.48,0.28
01/02/2018,-0.57,0.11
02/02/2018,-1.23,-0.52
05/02/2018,-0.64,-0.87
06/02/2018,-0.83,0.43
07/02/2018,-1.44,-0.41
08/02/2018,0.25,-0.71
09/02/2018,0.65,-0.83
12/02/2018,1.05,-0.32
13/02/2018,-0.39,0.79
14/02/2018,1.22,0.48
15/02/2018,0.24,0.91
16/02/2018,-0.83,1.10
19/02/2018,-0.95,-0.16
20/02/2018,-0.90,-0.64
21/02/2018,0.43,-0.71
22/02/2018,0.94,-0.84
23/02/2018,0.60,-0.40
26/02/2018,-0.60,-0.17
27/02/2018,-1.01,0.65
28/02/2018,-0.87,-0.76
01/03/2018,0.89,-0.77
02/03/2018,0.63,-0.88
05/03/2018,0.82,1.05
06/03/2018,0.39,-0.38
07/03/2018,-1.00,0.91
08/03/2018,0.17,-0.39
09/03/2018,-0.43,-0.79
12/03/2018,0.58,-0.17
13/03/2018,0.76,-0.33
14/03/2018,-0.72,0.52
15/03/2018,-0.52,0.25
16/03/2018,-1.07,-0.60
19/03/2018,-0.46,-0.81
20/03/2018,-0.18,0.42
21/03/2018,1.30,-0.33
22/03/2018,0.25,0.89
23/03/2018,0.70,0.77
26/03/2018,0.42,1.15
27/03/2018,-1.05,0.66
28/03/2018,-1.03,-0.90
29/03/2018,1.21,-0.82
03/04/2018,-0.60,-0.80
04/04/2018,-0.97,0.85
05/04/2018,-0.43,0.54
06/04/2018,0.63,-0.85
09/04/2018,0.96,0.51
10/04/2018,0.67,0.24
11/04/2018,0.74,0.72
12/04/2018,-0.95,0.94
13/04/2018,0.76,-0.83
16/04/2018,0.39,0.42
17/04/2018,1.39,0.65
18/04/2018,1.21,-0.73
19/04/2018,-0.70,0.83
20/04/2018,-1.01,-0.46
23/04/2018,-1.42,-0.94
24/04/2018,-0.43,-0.97
25/04/2018,0.25,0.59
26/04/2018,-0.52,-0.74
27/04/2018,-0.95,-0.27
30/04/2018,-0.89,0.25
01/05/2018,0.78,-0.79
02/05/2018,0.84,-0.68
03/05/2018,-0.55,-0.47
04/05/2018,0.43,0.91
08/05/2018,-0.17,-0.66
09/05/2018,0.99,-0.46
10/05/2018,0.98,0.74
11/05/2018,-0.83,0.61
14/05/2018,-1.19,0.65
15/05/2018,-0.97,-0.58
16/05/2018,0.89,-1.37
17/05/2018,0.17,-0.54
18/05/2018,-0.55,-0.37
21/05/2018,1.21,-0.31
22/05/2018,-0.55,0.06
23/05/2018,-0.35,0.60
24/05/2018,0.98,-0.56
25/05/2018,-1.08,1.11
29/05/2018,-0.80,-0.32
30/05/2018,1.05,-0.78
31/05/2018,-0.89,0.63
01/06/2018,0.35,0.60
04/06/2018,-0.58,-0.91
05/06/2018,0.99,0.26
06/06/2018,1.10,-0.51
07/06/2018,-0.39,0.79
08/06/2018,0.49,-0.47
11/06/2018,0.75,0.28
12/06/2018,0.54,0.32
13/06/2018,1.14,-0.27
14/06/2018,0.76,-0.44
15/06/2018,-1.90,0.71
18/06/2018,-1.23,-1.16
19/06/2018,-0.65,-0.54
20/06/2018,-0.50,-0.65
21/06/2018,1.05,-0.39
22/06/2018,-0.55,-0.79
25/06/2018,-0.96,0.49
26/06/2018,-0.30,-0.19
27/06/2018,-0.79,-0.81
28/06/2018,-0.70,-0.67
29/06/2018,-0.56,-0.49
02/07/2018,-0.56,-0.30
03/07/2018,0.85,-0.46
04/07/2018,-0.77,0.56
05/07/2018,0.53,0.56
06/07/2018,1.15,-0.11
09/07/2018,-1.30,-0.11
10/07/2018,-0.31,0.73
11/07/2018,-0.69,-0.80
12/07/2018,-0.44,-0.46
13/07/2018,0.00,-0.66
16/07/2018,-0.50,-0.58
17/07/2018,-1.45,-0.22
18/07/2018,-1.08,-0.82
19/07/2018,0.85,-0.82
20/07/2018,0.86,-0.75
23/07/2018,0.40,0.96
24/07/2018,0.60,-0.56
25/07/2018,-0.44,0.53
26/07/2018,-1.08,0.51
27/07/2018,0.94,-0.51
30/07/2018,-0.62,-0.59
31/07/2018,0.54,-0.11
01/08/2018,-0.40,-0.48
02/08/2018,-0.76,-0.40
03/08/2018,-0.31,-0.54
06/08/2018,0.88,0.26
07/08/2018,-0.88,-0.74
08/08/2018,0.94,0.47
09/08/2018,-0.82,-0.48
10/08/2018,-1.11,0.63
13/08/2018,-0.99,0.06
14/08/2018,-1.18,-1.08
15/08/2018,-1.22,-0.53
16/08/2018,0.61,-1.12
17/08/2018,0.80,-0.37
20/08/2018,0.45,-0.41
21/08/2018,0.41,0.71
22/08/2018,-1.12,0.75
23/08/2018,-0.18,0.69
24/08/2018,1.38,-0.60
28/08/2018,-1.19,0.67
29/08/2018,-0.41,1.10
30/08/2018,-0.26,-0.81
31/08/2018,-0.94,-0.76
03/09/2018,-1.38,0.66
04/09/2018,-0.75,-0.45
05/09/2018,0.82,-0.88
06/09/2018,-0.75,0.70
07/09/2018,0.46,0.84
10/09/2018,-0.80,-0.72
11/09/2018,0.46,-0.44
12/09/2018,0.70,-0.75
13/09/2018,-0.27,0.70
14/09/2018,-0.56,1.09
17/09/2018,0.53,-0.81
18/09/2018,-0.42,-0.06
19/09/2018,0.56,-0.38
20/09/2018,0.84,0.51
21/09/2018,-0.32,0.65
24/09/2018,-0.42,-0.89
25/09/2018,1.14,0.58
26/09/2018,-0.62,-0.27
27/09/2018,-0.89,-0.80
28/09/2018,1.31,-0.86
01/10/2018,-0.56,0.40
02/10/2018,1.26,0.42
03/10/2018,-0.84,1.14
04/10/2018,0.18,-0.54
05/10/2018,-1.08,0.43
08/10/2018,-0.98,0.17
09/10/2018,0.59,-1.18
10/10/2018,0.42,-0.34
11/10/2018,1.18,0.51
12/10/2018,0.98,1.19
15/10/2018,0.32,1.09
16/10/2018,-0.84,0.91
17/10/2018,-0.96,0.25
18/10/2018,0.81,-0.37
19/10/2018,0.37,-0.70
22/10/2018,0.76,0.63
23/10/2018,0.45,-0.67
24/10/2018,-0.18,1.06
25/10/2018,-0.58,-0.66
26/10/2018,-0.52,0.14
29/10/2018,-1.24,0.50
30/10/2018,-0.77,-0.50
31/10/2018,0.88,-0.66
01/11/2018,1.60,-0.92
02/11/2018,-0.76,1.15
05/11/2018,-0.49,0.28
06/11/2018,-0.45,0.11
07/11/2018,-1.11,-0.23
08/11/2018,-1.02,-0.37
09/11/2018,-1.12,-0.69
12/11/2018,-0.99,-1.02
13/11/2018,-0.60,-0.69
14/11/2018,1.07,-0.53
15/11/2018,1.05,0.31
16/11/2018,0.72,0.85
19/11/2018,0.75,0.93
20/11/2018,-0.37,-0.26
21/11/2018,0.83,0.34
22/11/2018,-1.35,0.50
23/11/2018,0.94,0.28
26/11/2018,-0.85,-0.53
27/11/2018,-0.94,-0.14
28/11/2018,0.90,-0.42
29/11/2018,-0.46,-0.81
30/11/2018,1.03,1.04
03/12/2018,1.05,-0.84
04/12/2018,-0.67,1.02
05/12/2018,-0.83,0.90
06/12/2018,0.85,-0.60
07/12/2018,0.56,0.73
10/12/2018,0.87,0.25
11/12/2018,0.32,0.41
12/12/2018,0.41,-0.06
13/12/2018,-0.83,0.19
14/12/2018,0.37,-0.49
17/12/2018,0.61,-0.77
18/12/2018,-0.26,0.71
19/12/2018,0.92,0.61
20/12/2018,-0.74,0.84
21/12/2018,-0.32,0.62
24/12/2018,1.61,-0.36
27/12/2018,1.26,0.88
28/12/2018,1.05,0.93
31/12/2018,-0.40,0.55
02/01/2019,0.78,0.77
03/01/2019,1.05,-0.90
04/01/2019,0.54,0.98
07/01/2019,-0.84,-0.67
08/01/2019,-0.36,0.41
09/01/2019,0.74,0.51
10/01/2019,-0.40,-0.48
11/01/2019,-0.64,0.54
14/01/2019,-0.31,0.36
15/01/2019,-0.62,-0.40
16/01/2019,0.47,-0.35
17/01/2019,-0.82,-0.71
18/01/2019,-1.17,-0.60
21/01/2019,0.00,0.45
22/01/2019,0.91,-0.42
23/01/2019,-0.74,0.55
24/01/2019,0.70,0.89
25/01/2019,1.42,0.80
28/01/2019,1.04,0.64
29/01/2019,0.62,0.49
30/01/2019,1.00,0.98
31/01/2019,-0.64,-0.59
01/02/2019,-1.29,-0.70
04/02/2019,0.87,0.40
05/02/2019,-0.92,-0.37
06/02/2019,-0.36,-0.43
07/02/2019,0.67,0.61
08/02/2019,-0.69,-0.80
11/02/2019,0.82,0.52
12/02/2019,-0.85,0.46
13/02/2019,-0.86,-0.32
14/02/2019,0.78,0.62
15/02/2019,0.76,0.82
18/02/2019,0.31,0.81
19/02/2019,1.27,0.85
20/02/2019,-0.88,-0.96
21/02/2019,-0.50,-0.41
22/02/2019,0.73,0.39
25/02/2019,-0.89,-0.67
26/02/2019,0.44,-0.41
27/02/2019,-0.53,-0.53
28/02/2019,-1.27,-0.74
01/03/2019,-1.60,-1.42
04/03/2019,-0.57,-0.35
05/03/2019,-0.32,0.40
06/03/2019,-0.36,-0.21
07/03/2019,0.52,0.94
08/03/2019,1.09,-0.56
11/03/2019,0.99,0.58
12/03/2019,0.70,0.87
13/03/2019,-1.36,-0.93
14/03/2019,0.89,0.78
15/03/2019,0.40,0.40
18/03/2019,0.44,0.40
19/03/2019,-0.76,-0.55
20/03/2019,1.20,0.67
21/03/2019,-0.72,0.36
22/03/2019,0.65,0.79
25/03/2019,-0.74,-0.50
26/03/2019,-0.51,-0.71
27/03/2019,-1.15,-1.05
28/03/2019,-0.79,0.14
29/03/2019,-0.45,-0.38
01/04/2019,-0.55,-0.50
02/04/2019,0.97,0.11
03/04/2019,-0.73,-0.75
04/04/2019,0.85,0.64
05/04/2019,-0.60,0.95
08/04/2019,0.87,0.48
09/04/2019,-0.26,0.43
10/04/2019,-0.75,-0.71
11/04/2019,-0.79,-0.59
12/04/2019,-0.93,-0.82
15/04/2019,0.26,-0.85
16/04/2019,0.61,-0.20
17/04/2019,-0.55,-0.11
18/04/2019,0.37,-0.70
23/04/2019,-1.07,0.41
24/04/2019,0.64,0.85
25/04/2019,0.95,0.52
26/04/2019,-0.45,-0.60
29/04/2019,0.32,0.47
30/04/2019,-0.84,0.34
01/05/2019,-1.17,-1.00
02/05/2019,-0.37,0.77
03/05/2019,1.09,0.46
07/05/2019,0.82,0.56
08/05/2019,-0.86,0.26
09/05/2019,-0.41,0.28
10/05/2019,-0.96,0.81
13/05/2019,0.80,0.46
14/05/2019,0.64,0.23
15/05/2019,-0.37,-0.75
16/05/2019,-1.46,-0.92
17/05/2019,-0.67,-0.56
20/05/2019,0.32,-0.67
21/05/2019,0.19,0.46
22/05/2019,0.56,0.88
23/05/2019,0.70,-0.30
24/05/2019,-0.69,-0.57
28/05/2019,-0.85,0.51
29/05/2019,0.42,-0.23
30/05/2019,0.75,1.07
31/05/2019,1.25,1.29
03/06/2019,0.32,0.74
04/06/2019,0.90,0.90
05/06/2019,0.88,0.18
06/06/2019,-0.55,0.62
07/06/2019,-1.05,-0.95
10/06/2019,-0.58,-0.57
11/06/2019,0.80,0.78
12/06/2019,0.18,0.52
13/06/2019,1.25,1.07
14/06/2019,-1.28,-0.86
17/06/2019,0.88,0.06
18/06/2019,0.58,0.45
19/06/2019,1.61,1.62
20/06/2019,-0.51,1.13
21/06/2019,0.72,0.78
24/06/2019,0.44,1.35
25/06/2019,-0.97,-1.38
26/06/2019,-0.18,-0.32
27/06/2019,-0.44,0.68
28/06/2019,0.51,-1.16
01/07/2019,-0.77,0.26
02/07/2019,0.96,1.27
03/07/2019,-0.44,0.31
04/07/2019,-0.68,-1.36
05/07/2019,-0.96,0.91
08/07/2019,-0.55,-0.78
09/07/2019,0.68,1.10
10/07/2019,1.06,0.62
11/07/2019,-0.90,-0.66
